path,label
/home/yeogeon/YG_main/diffusion_model/VAD_dataset/UCF-Crimes/UCF_Crimes/ucfclip_caption_feature(clean)/Abuse028_x264.npy,Abuse
/home/yeogeon/YG_main/diffusion_model/VAD_dataset/UCF-Crimes/UCF_Crimes/ucfclip_caption_feature(clean)/Abuse030_x264.npy,Abuse
/home/yeogeon/YG_main/diffusion_model/VAD_dataset/UCF-Crimes/UCF_Crimes/ucfclip_caption_feature(clean)/Arrest001_x264.npy,Arrest
/home/yeogeon/YG_main/diffusion_model/VAD_dataset/UCF-Crimes/UCF_Crimes/ucfclip_caption_feature(clean)/Arrest007_x264.npy,Arrest
/home/yeogeon/YG_main/diffusion_model/VAD_dataset/UCF-Crimes/UCF_Crimes/ucfclip_caption_feature(clean)/Arrest024_x264.npy,Arrest
/home/yeogeon/YG_main/diffusion_model/VAD_dataset/UCF-Crimes/UCF_Crimes/ucfclip_caption_feature(clean)/Arrest030_x264.npy,Arrest
/home/yeogeon/YG_main/diffusion_model/VAD_dataset/UCF-Crimes/UCF_Crimes/ucfclip_caption_feature(clean)/Arrest039_x264.npy,Arrest
/home/yeogeon/YG_main/diffusion_model/VAD_dataset/UCF-Crimes/UCF_Crimes/ucfclip_caption_feature(clean)/Arson007_x264.npy,Arson
/home/yeogeon/YG_main/diffusion_model/VAD_dataset/UCF-Crimes/UCF_Crimes/ucfclip_caption_feature(clean)/Arson009_x264.npy,Arson
/home/yeogeon/YG_main/diffusion_model/VAD_dataset/UCF-Crimes/UCF_Crimes/ucfclip_caption_feature(clean)/Arson010_x264.npy,Arson
/home/yeogeon/YG_main/diffusion_model/VAD_dataset/UCF-Crimes/UCF_Crimes/ucfclip_caption_feature(clean)/Arson011_x264.npy,Arson
/home/yeogeon/YG_main/diffusion_model/VAD_dataset/UCF-Crimes/UCF_Crimes/ucfclip_caption_feature(clean)/Arson016_x264.npy,Arson
/home/yeogeon/YG_main/diffusion_model/VAD_dataset/UCF-Crimes/UCF_Crimes/ucfclip_caption_feature(clean)/Arson018_x264.npy,Arson
/home/yeogeon/YG_main/diffusion_model/VAD_dataset/UCF-Crimes/UCF_Crimes/ucfclip_caption_feature(clean)/Arson022_x264.npy,Arson
/home/yeogeon/YG_main/diffusion_model/VAD_dataset/UCF-Crimes/UCF_Crimes/ucfclip_caption_feature(clean)/Arson035_x264.npy,Arson
/home/yeogeon/YG_main/diffusion_model/VAD_dataset/UCF-Crimes/UCF_Crimes/ucfclip_caption_feature(clean)/Arson041_x264.npy,Arson
/home/yeogeon/YG_main/diffusion_model/VAD_dataset/UCF-Crimes/UCF_Crimes/ucfclip_caption_feature(clean)/Assault006_x264.npy,Assault
/home/yeogeon/YG_main/diffusion_model/VAD_dataset/UCF-Crimes/UCF_Crimes/ucfclip_caption_feature(clean)/Assault010_x264.npy,Assault
/home/yeogeon/YG_main/diffusion_model/VAD_dataset/UCF-Crimes/UCF_Crimes/ucfclip_caption_feature(clean)/Assault011_x264.npy,Assault
/home/yeogeon/YG_main/diffusion_model/VAD_dataset/UCF-Crimes/UCF_Crimes/ucfclip_caption_feature(clean)/Burglary005_x264.npy,Burglary
/home/yeogeon/YG_main/diffusion_model/VAD_dataset/UCF-Crimes/UCF_Crimes/ucfclip_caption_feature(clean)/Burglary017_x264.npy,Burglary
/home/yeogeon/YG_main/diffusion_model/VAD_dataset/UCF-Crimes/UCF_Crimes/ucfclip_caption_feature(clean)/Burglary018_x264.npy,Burglary
/home/yeogeon/YG_main/diffusion_model/VAD_dataset/UCF-Crimes/UCF_Crimes/ucfclip_caption_feature(clean)/Burglary021_x264.npy,Burglary
/home/yeogeon/YG_main/diffusion_model/VAD_dataset/UCF-Crimes/UCF_Crimes/ucfclip_caption_feature(clean)/Burglary024_x264.npy,Burglary
/home/yeogeon/YG_main/diffusion_model/VAD_dataset/UCF-Crimes/UCF_Crimes/ucfclip_caption_feature(clean)/Burglary032_x264.npy,Burglary
/home/yeogeon/YG_main/diffusion_model/VAD_dataset/UCF-Crimes/UCF_Crimes/ucfclip_caption_feature(clean)/Burglary033_x264.npy,Burglary
/home/yeogeon/YG_main/diffusion_model/VAD_dataset/UCF-Crimes/UCF_Crimes/ucfclip_caption_feature(clean)/Burglary035_x264.npy,Burglary
/home/yeogeon/YG_main/diffusion_model/VAD_dataset/UCF-Crimes/UCF_Crimes/ucfclip_caption_feature(clean)/Burglary037_x264.npy,Burglary
/home/yeogeon/YG_main/diffusion_model/VAD_dataset/UCF-Crimes/UCF_Crimes/ucfclip_caption_feature(clean)/Burglary061_x264.npy,Burglary
/home/yeogeon/YG_main/diffusion_model/VAD_dataset/UCF-Crimes/UCF_Crimes/ucfclip_caption_feature(clean)/Burglary076_x264.npy,Burglary
/home/yeogeon/YG_main/diffusion_model/VAD_dataset/UCF-Crimes/UCF_Crimes/ucfclip_caption_feature(clean)/Burglary079_x264.npy,Burglary
/home/yeogeon/YG_main/diffusion_model/VAD_dataset/UCF-Crimes/UCF_Crimes/ucfclip_caption_feature(clean)/Burglary092_x264.npy,Burglary
/home/yeogeon/YG_main/diffusion_model/VAD_dataset/UCF-Crimes/UCF_Crimes/ucfclip_caption_feature(clean)/Explosion002_x264.npy,Explosion
/home/yeogeon/YG_main/diffusion_model/VAD_dataset/UCF-Crimes/UCF_Crimes/ucfclip_caption_feature(clean)/Explosion004_x264.npy,Explosion
/home/yeogeon/YG_main/diffusion_model/VAD_dataset/UCF-Crimes/UCF_Crimes/ucfclip_caption_feature(clean)/Explosion007_x264.npy,Explosion
/home/yeogeon/YG_main/diffusion_model/VAD_dataset/UCF-Crimes/UCF_Crimes/ucfclip_caption_feature(clean)/Explosion008_x264.npy,Explosion
/home/yeogeon/YG_main/diffusion_model/VAD_dataset/UCF-Crimes/UCF_Crimes/ucfclip_caption_feature(clean)/Explosion010_x264.npy,Explosion
/home/yeogeon/YG_main/diffusion_model/VAD_dataset/UCF-Crimes/UCF_Crimes/ucfclip_caption_feature(clean)/Explosion011_x264.npy,Explosion
/home/yeogeon/YG_main/diffusion_model/VAD_dataset/UCF-Crimes/UCF_Crimes/ucfclip_caption_feature(clean)/Explosion013_x264.npy,Explosion
/home/yeogeon/YG_main/diffusion_model/VAD_dataset/UCF-Crimes/UCF_Crimes/ucfclip_caption_feature(clean)/Explosion016_x264.npy,Explosion
/home/yeogeon/YG_main/diffusion_model/VAD_dataset/UCF-Crimes/UCF_Crimes/ucfclip_caption_feature(clean)/Explosion017_x264.npy,Explosion
/home/yeogeon/YG_main/diffusion_model/VAD_dataset/UCF-Crimes/UCF_Crimes/ucfclip_caption_feature(clean)/Explosion020_x264.npy,Explosion
/home/yeogeon/YG_main/diffusion_model/VAD_dataset/UCF-Crimes/UCF_Crimes/ucfclip_caption_feature(clean)/Explosion021_x264.npy,Explosion
/home/yeogeon/YG_main/diffusion_model/VAD_dataset/UCF-Crimes/UCF_Crimes/ucfclip_caption_feature(clean)/Explosion022_x264.npy,Explosion
/home/yeogeon/YG_main/diffusion_model/VAD_dataset/UCF-Crimes/UCF_Crimes/ucfclip_caption_feature(clean)/Explosion025_x264.npy,Explosion
/home/yeogeon/YG_main/diffusion_model/VAD_dataset/UCF-Crimes/UCF_Crimes/ucfclip_caption_feature(clean)/Explosion027_x264.npy,Explosion
/home/yeogeon/YG_main/diffusion_model/VAD_dataset/UCF-Crimes/UCF_Crimes/ucfclip_caption_feature(clean)/Explosion028_x264.npy,Explosion
/home/yeogeon/YG_main/diffusion_model/VAD_dataset/UCF-Crimes/UCF_Crimes/ucfclip_caption_feature(clean)/Explosion029_x264.npy,Explosion
/home/yeogeon/YG_main/diffusion_model/VAD_dataset/UCF-Crimes/UCF_Crimes/ucfclip_caption_feature(clean)/Explosion033_x264.npy,Explosion
/home/yeogeon/YG_main/diffusion_model/VAD_dataset/UCF-Crimes/UCF_Crimes/ucfclip_caption_feature(clean)/Explosion035_x264.npy,Explosion
/home/yeogeon/YG_main/diffusion_model/VAD_dataset/UCF-Crimes/UCF_Crimes/ucfclip_caption_feature(clean)/Explosion036_x264.npy,Explosion
/home/yeogeon/YG_main/diffusion_model/VAD_dataset/UCF-Crimes/UCF_Crimes/ucfclip_caption_feature(clean)/Explosion039_x264.npy,Explosion
/home/yeogeon/YG_main/diffusion_model/VAD_dataset/UCF-Crimes/UCF_Crimes/ucfclip_caption_feature(clean)/Explosion043_x264.npy,Explosion
/home/yeogeon/YG_main/diffusion_model/VAD_dataset/UCF-Crimes/UCF_Crimes/ucfclip_caption_feature(clean)/Fighting003_x264.npy,Fighting
/home/yeogeon/YG_main/diffusion_model/VAD_dataset/UCF-Crimes/UCF_Crimes/ucfclip_caption_feature(clean)/Fighting018_x264.npy,Fighting
/home/yeogeon/YG_main/diffusion_model/VAD_dataset/UCF-Crimes/UCF_Crimes/ucfclip_caption_feature(clean)/Fighting033_x264.npy,Fighting
/home/yeogeon/YG_main/diffusion_model/VAD_dataset/UCF-Crimes/UCF_Crimes/ucfclip_caption_feature(clean)/Fighting042_x264.npy,Fighting
/home/yeogeon/YG_main/diffusion_model/VAD_dataset/UCF-Crimes/UCF_Crimes/ucfclip_caption_feature(clean)/Fighting047_x264.npy,Fighting
/home/yeogeon/YG_main/diffusion_model/VAD_dataset/UCF-Crimes/UCF_Crimes/ucfclip_caption_feature(clean)/RoadAccidents001_x264.npy,RoadAccidents
/home/yeogeon/YG_main/diffusion_model/VAD_dataset/UCF-Crimes/UCF_Crimes/ucfclip_caption_feature(clean)/RoadAccidents002_x264.npy,RoadAccidents
/home/yeogeon/YG_main/diffusion_model/VAD_dataset/UCF-Crimes/UCF_Crimes/ucfclip_caption_feature(clean)/RoadAccidents004_x264.npy,RoadAccidents
/home/yeogeon/YG_main/diffusion_model/VAD_dataset/UCF-Crimes/UCF_Crimes/ucfclip_caption_feature(clean)/RoadAccidents009_x264.npy,RoadAccidents
/home/yeogeon/YG_main/diffusion_model/VAD_dataset/UCF-Crimes/UCF_Crimes/ucfclip_caption_feature(clean)/RoadAccidents010_x264.npy,RoadAccidents
/home/yeogeon/YG_main/diffusion_model/VAD_dataset/UCF-Crimes/UCF_Crimes/ucfclip_caption_feature(clean)/RoadAccidents011_x264.npy,RoadAccidents
/home/yeogeon/YG_main/diffusion_model/VAD_dataset/UCF-Crimes/UCF_Crimes/ucfclip_caption_feature(clean)/RoadAccidents012_x264.npy,RoadAccidents
/home/yeogeon/YG_main/diffusion_model/VAD_dataset/UCF-Crimes/UCF_Crimes/ucfclip_caption_feature(clean)/RoadAccidents016_x264.npy,RoadAccidents
/home/yeogeon/YG_main/diffusion_model/VAD_dataset/UCF-Crimes/UCF_Crimes/ucfclip_caption_feature(clean)/RoadAccidents017_x264.npy,RoadAccidents
/home/yeogeon/YG_main/diffusion_model/VAD_dataset/UCF-Crimes/UCF_Crimes/ucfclip_caption_feature(clean)/RoadAccidents019_x264.npy,RoadAccidents
/home/yeogeon/YG_main/diffusion_model/VAD_dataset/UCF-Crimes/UCF_Crimes/ucfclip_caption_feature(clean)/RoadAccidents020_x264.npy,RoadAccidents
/home/yeogeon/YG_main/diffusion_model/VAD_dataset/UCF-Crimes/UCF_Crimes/ucfclip_caption_feature(clean)/RoadAccidents021_x264.npy,RoadAccidents
/home/yeogeon/YG_main/diffusion_model/VAD_dataset/UCF-Crimes/UCF_Crimes/ucfclip_caption_feature(clean)/RoadAccidents022_x264.npy,RoadAccidents
/home/yeogeon/YG_main/diffusion_model/VAD_dataset/UCF-Crimes/UCF_Crimes/ucfclip_caption_feature(clean)/RoadAccidents121_x264.npy,RoadAccidents
/home/yeogeon/YG_main/diffusion_model/VAD_dataset/UCF-Crimes/UCF_Crimes/ucfclip_caption_feature(clean)/RoadAccidents122_x264.npy,RoadAccidents
/home/yeogeon/YG_main/diffusion_model/VAD_dataset/UCF-Crimes/UCF_Crimes/ucfclip_caption_feature(clean)/RoadAccidents123_x264.npy,RoadAccidents
/home/yeogeon/YG_main/diffusion_model/VAD_dataset/UCF-Crimes/UCF_Crimes/ucfclip_caption_feature(clean)/RoadAccidents124_x264.npy,RoadAccidents
/home/yeogeon/YG_main/diffusion_model/VAD_dataset/UCF-Crimes/UCF_Crimes/ucfclip_caption_feature(clean)/RoadAccidents125_x264.npy,RoadAccidents
/home/yeogeon/YG_main/diffusion_model/VAD_dataset/UCF-Crimes/UCF_Crimes/ucfclip_caption_feature(clean)/RoadAccidents127_x264.npy,RoadAccidents
/home/yeogeon/YG_main/diffusion_model/VAD_dataset/UCF-Crimes/UCF_Crimes/ucfclip_caption_feature(clean)/RoadAccidents128_x264.npy,RoadAccidents
/home/yeogeon/YG_main/diffusion_model/VAD_dataset/UCF-Crimes/UCF_Crimes/ucfclip_caption_feature(clean)/RoadAccidents131_x264.npy,RoadAccidents
/home/yeogeon/YG_main/diffusion_model/VAD_dataset/UCF-Crimes/UCF_Crimes/ucfclip_caption_feature(clean)/RoadAccidents132_x264.npy,RoadAccidents
/home/yeogeon/YG_main/diffusion_model/VAD_dataset/UCF-Crimes/UCF_Crimes/ucfclip_caption_feature(clean)/RoadAccidents133_x264.npy,RoadAccidents
/home/yeogeon/YG_main/diffusion_model/VAD_dataset/UCF-Crimes/UCF_Crimes/ucfclip_caption_feature(clean)/Robbery048_x264.npy,Robbery
/home/yeogeon/YG_main/diffusion_model/VAD_dataset/UCF-Crimes/UCF_Crimes/ucfclip_caption_feature(clean)/Robbery050_x264.npy,Robbery
/home/yeogeon/YG_main/diffusion_model/VAD_dataset/UCF-Crimes/UCF_Crimes/ucfclip_caption_feature(clean)/Robbery102_x264.npy,Robbery
/home/yeogeon/YG_main/diffusion_model/VAD_dataset/UCF-Crimes/UCF_Crimes/ucfclip_caption_feature(clean)/Robbery106_x264.npy,Robbery
/home/yeogeon/YG_main/diffusion_model/VAD_dataset/UCF-Crimes/UCF_Crimes/ucfclip_caption_feature(clean)/Robbery137_x264.npy,Robbery
/home/yeogeon/YG_main/diffusion_model/VAD_dataset/UCF-Crimes/UCF_Crimes/ucfclip_caption_feature(clean)/Shooting002_x264.npy,Shooting
/home/yeogeon/YG_main/diffusion_model/VAD_dataset/UCF-Crimes/UCF_Crimes/ucfclip_caption_feature(clean)/Shooting004_x264.npy,Shooting
/home/yeogeon/YG_main/diffusion_model/VAD_dataset/UCF-Crimes/UCF_Crimes/ucfclip_caption_feature(clean)/Shooting007_x264.npy,Shooting
/home/yeogeon/YG_main/diffusion_model/VAD_dataset/UCF-Crimes/UCF_Crimes/ucfclip_caption_feature(clean)/Shooting008_x264.npy,Shooting
/home/yeogeon/YG_main/diffusion_model/VAD_dataset/UCF-Crimes/UCF_Crimes/ucfclip_caption_feature(clean)/Shooting010_x264.npy,Shooting
/home/yeogeon/YG_main/diffusion_model/VAD_dataset/UCF-Crimes/UCF_Crimes/ucfclip_caption_feature(clean)/Shooting011_x264.npy,Shooting
/home/yeogeon/YG_main/diffusion_model/VAD_dataset/UCF-Crimes/UCF_Crimes/ucfclip_caption_feature(clean)/Shooting013_x264.npy,Shooting
/home/yeogeon/YG_main/diffusion_model/VAD_dataset/UCF-Crimes/UCF_Crimes/ucfclip_caption_feature(clean)/Shooting015_x264.npy,Shooting
/home/yeogeon/YG_main/diffusion_model/VAD_dataset/UCF-Crimes/UCF_Crimes/ucfclip_caption_feature(clean)/Shooting018_x264.npy,Shooting
/home/yeogeon/YG_main/diffusion_model/VAD_dataset/UCF-Crimes/UCF_Crimes/ucfclip_caption_feature(clean)/Shooting019_x264.npy,Shooting
/home/yeogeon/YG_main/diffusion_model/VAD_dataset/UCF-Crimes/UCF_Crimes/ucfclip_caption_feature(clean)/Shooting021_x264.npy,Shooting
/home/yeogeon/YG_main/diffusion_model/VAD_dataset/UCF-Crimes/UCF_Crimes/ucfclip_caption_feature(clean)/Shooting022_x264.npy,Shooting
/home/yeogeon/YG_main/diffusion_model/VAD_dataset/UCF-Crimes/UCF_Crimes/ucfclip_caption_feature(clean)/Shooting024_x264.npy,Shooting
/home/yeogeon/YG_main/diffusion_model/VAD_dataset/UCF-Crimes/UCF_Crimes/ucfclip_caption_feature(clean)/Shooting026_x264.npy,Shooting
/home/yeogeon/YG_main/diffusion_model/VAD_dataset/UCF-Crimes/UCF_Crimes/ucfclip_caption_feature(clean)/Shooting028_x264.npy,Shooting
/home/yeogeon/YG_main/diffusion_model/VAD_dataset/UCF-Crimes/UCF_Crimes/ucfclip_caption_feature(clean)/Shooting032_x264.npy,Shooting
/home/yeogeon/YG_main/diffusion_model/VAD_dataset/UCF-Crimes/UCF_Crimes/ucfclip_caption_feature(clean)/Shooting033_x264.npy,Shooting
/home/yeogeon/YG_main/diffusion_model/VAD_dataset/UCF-Crimes/UCF_Crimes/ucfclip_caption_feature(clean)/Shooting034_x264.npy,Shooting
/home/yeogeon/YG_main/diffusion_model/VAD_dataset/UCF-Crimes/UCF_Crimes/ucfclip_caption_feature(clean)/Shooting037_x264.npy,Shooting
/home/yeogeon/YG_main/diffusion_model/VAD_dataset/UCF-Crimes/UCF_Crimes/ucfclip_caption_feature(clean)/Shooting043_x264.npy,Shooting
/home/yeogeon/YG_main/diffusion_model/VAD_dataset/UCF-Crimes/UCF_Crimes/ucfclip_caption_feature(clean)/Shooting046_x264.npy,Shooting
/home/yeogeon/YG_main/diffusion_model/VAD_dataset/UCF-Crimes/UCF_Crimes/ucfclip_caption_feature(clean)/Shooting047_x264.npy,Shooting
/home/yeogeon/YG_main/diffusion_model/VAD_dataset/UCF-Crimes/UCF_Crimes/ucfclip_caption_feature(clean)/Shooting048_x264.npy,Shooting
/home/yeogeon/YG_main/diffusion_model/VAD_dataset/UCF-Crimes/UCF_Crimes/ucfclip_caption_feature(clean)/Shoplifting001_x264.npy,Shoplifting
/home/yeogeon/YG_main/diffusion_model/VAD_dataset/UCF-Crimes/UCF_Crimes/ucfclip_caption_feature(clean)/Shoplifting004_x264.npy,Shoplifting
/home/yeogeon/YG_main/diffusion_model/VAD_dataset/UCF-Crimes/UCF_Crimes/ucfclip_caption_feature(clean)/Shoplifting005_x264.npy,Shoplifting
/home/yeogeon/YG_main/diffusion_model/VAD_dataset/UCF-Crimes/UCF_Crimes/ucfclip_caption_feature(clean)/Shoplifting007_x264.npy,Shoplifting
/home/yeogeon/YG_main/diffusion_model/VAD_dataset/UCF-Crimes/UCF_Crimes/ucfclip_caption_feature(clean)/Shoplifting010_x264.npy,Shoplifting
/home/yeogeon/YG_main/diffusion_model/VAD_dataset/UCF-Crimes/UCF_Crimes/ucfclip_caption_feature(clean)/Shoplifting015_x264.npy,Shoplifting
/home/yeogeon/YG_main/diffusion_model/VAD_dataset/UCF-Crimes/UCF_Crimes/ucfclip_caption_feature(clean)/Shoplifting016_x264.npy,Shoplifting
/home/yeogeon/YG_main/diffusion_model/VAD_dataset/UCF-Crimes/UCF_Crimes/ucfclip_caption_feature(clean)/Shoplifting017_x264.npy,Shoplifting
/home/yeogeon/YG_main/diffusion_model/VAD_dataset/UCF-Crimes/UCF_Crimes/ucfclip_caption_feature(clean)/Shoplifting020_x264.npy,Shoplifting
/home/yeogeon/YG_main/diffusion_model/VAD_dataset/UCF-Crimes/UCF_Crimes/ucfclip_caption_feature(clean)/Shoplifting021_x264.npy,Shoplifting
/home/yeogeon/YG_main/diffusion_model/VAD_dataset/UCF-Crimes/UCF_Crimes/ucfclip_caption_feature(clean)/Shoplifting022_x264.npy,Shoplifting
/home/yeogeon/YG_main/diffusion_model/VAD_dataset/UCF-Crimes/UCF_Crimes/ucfclip_caption_feature(clean)/Shoplifting027_x264.npy,Shoplifting
/home/yeogeon/YG_main/diffusion_model/VAD_dataset/UCF-Crimes/UCF_Crimes/ucfclip_caption_feature(clean)/Shoplifting028_x264.npy,Shoplifting
/home/yeogeon/YG_main/diffusion_model/VAD_dataset/UCF-Crimes/UCF_Crimes/ucfclip_caption_feature(clean)/Shoplifting029_x264.npy,Shoplifting
/home/yeogeon/YG_main/diffusion_model/VAD_dataset/UCF-Crimes/UCF_Crimes/ucfclip_caption_feature(clean)/Shoplifting031_x264.npy,Shoplifting
/home/yeogeon/YG_main/diffusion_model/VAD_dataset/UCF-Crimes/UCF_Crimes/ucfclip_caption_feature(clean)/Shoplifting033_x264.npy,Shoplifting
/home/yeogeon/YG_main/diffusion_model/VAD_dataset/UCF-Crimes/UCF_Crimes/ucfclip_caption_feature(clean)/Shoplifting034_x264.npy,Shoplifting
/home/yeogeon/YG_main/diffusion_model/VAD_dataset/UCF-Crimes/UCF_Crimes/ucfclip_caption_feature(clean)/Shoplifting037_x264.npy,Shoplifting
/home/yeogeon/YG_main/diffusion_model/VAD_dataset/UCF-Crimes/UCF_Crimes/ucfclip_caption_feature(clean)/Shoplifting039_x264.npy,Shoplifting
/home/yeogeon/YG_main/diffusion_model/VAD_dataset/UCF-Crimes/UCF_Crimes/ucfclip_caption_feature(clean)/Shoplifting044_x264.npy,Shoplifting
/home/yeogeon/YG_main/diffusion_model/VAD_dataset/UCF-Crimes/UCF_Crimes/ucfclip_caption_feature(clean)/Shoplifting049_x264.npy,Shoplifting
/home/yeogeon/YG_main/diffusion_model/VAD_dataset/UCF-Crimes/UCF_Crimes/ucfclip_caption_feature(clean)/Stealing019_x264.npy,Stealing
/home/yeogeon/YG_main/diffusion_model/VAD_dataset/UCF-Crimes/UCF_Crimes/ucfclip_caption_feature(clean)/Stealing036_x264.npy,Stealing
/home/yeogeon/YG_main/diffusion_model/VAD_dataset/UCF-Crimes/UCF_Crimes/ucfclip_caption_feature(clean)/Stealing058_x264.npy,Stealing
/home/yeogeon/YG_main/diffusion_model/VAD_dataset/UCF-Crimes/UCF_Crimes/ucfclip_caption_feature(clean)/Stealing062_x264.npy,Stealing
/home/yeogeon/YG_main/diffusion_model/VAD_dataset/UCF-Crimes/UCF_Crimes/ucfclip_caption_feature(clean)/Stealing079_x264.npy,Stealing
/home/yeogeon/YG_main/diffusion_model/VAD_dataset/UCF-Crimes/UCF_Crimes/ucfclip_caption_feature(clean)/Vandalism007_x264.npy,Vandalism
/home/yeogeon/YG_main/diffusion_model/VAD_dataset/UCF-Crimes/UCF_Crimes/ucfclip_caption_feature(clean)/Vandalism015_x264.npy,Vandalism
/home/yeogeon/YG_main/diffusion_model/VAD_dataset/UCF-Crimes/UCF_Crimes/ucfclip_caption_feature(clean)/Vandalism017_x264.npy,Vandalism
/home/yeogeon/YG_main/diffusion_model/VAD_dataset/UCF-Crimes/UCF_Crimes/ucfclip_caption_feature(clean)/Vandalism028_x264.npy,Vandalism
/home/yeogeon/YG_main/diffusion_model/VAD_dataset/UCF-Crimes/UCF_Crimes/ucfclip_caption_feature(clean)/Vandalism036_x264.npy,Vandalism
/home/yeogeon/YG_main/diffusion_model/VAD_dataset/UCF-Crimes/UCF_Crimes/ucfclip_caption_feature(clean)/Normal_Videos_003_x264.npy,Normal
/home/yeogeon/YG_main/diffusion_model/VAD_dataset/UCF-Crimes/UCF_Crimes/ucfclip_caption_feature(clean)/Normal_Videos_006_x264.npy,Normal
/home/yeogeon/YG_main/diffusion_model/VAD_dataset/UCF-Crimes/UCF_Crimes/ucfclip_caption_feature(clean)/Normal_Videos_010_x264.npy,Normal
/home/yeogeon/YG_main/diffusion_model/VAD_dataset/UCF-Crimes/UCF_Crimes/ucfclip_caption_feature(clean)/Normal_Videos_014_x264.npy,Normal
/home/yeogeon/YG_main/diffusion_model/VAD_dataset/UCF-Crimes/UCF_Crimes/ucfclip_caption_feature(clean)/Normal_Videos_015_x264.npy,Normal
/home/yeogeon/YG_main/diffusion_model/VAD_dataset/UCF-Crimes/UCF_Crimes/ucfclip_caption_feature(clean)/Normal_Videos_018_x264.npy,Normal
/home/yeogeon/YG_main/diffusion_model/VAD_dataset/UCF-Crimes/UCF_Crimes/ucfclip_caption_feature(clean)/Normal_Videos_019_x264.npy,Normal
/home/yeogeon/YG_main/diffusion_model/VAD_dataset/UCF-Crimes/UCF_Crimes/ucfclip_caption_feature(clean)/Normal_Videos_024_x264.npy,Normal
/home/yeogeon/YG_main/diffusion_model/VAD_dataset/UCF-Crimes/UCF_Crimes/ucfclip_caption_feature(clean)/Normal_Videos_025_x264.npy,Normal
/home/yeogeon/YG_main/diffusion_model/VAD_dataset/UCF-Crimes/UCF_Crimes/ucfclip_caption_feature(clean)/Normal_Videos_027_x264.npy,Normal
/home/yeogeon/YG_main/diffusion_model/VAD_dataset/UCF-Crimes/UCF_Crimes/ucfclip_caption_feature(clean)/Normal_Videos_033_x264.npy,Normal
/home/yeogeon/YG_main/diffusion_model/VAD_dataset/UCF-Crimes/UCF_Crimes/ucfclip_caption_feature(clean)/Normal_Videos_034_x264.npy,Normal
/home/yeogeon/YG_main/diffusion_model/VAD_dataset/UCF-Crimes/UCF_Crimes/ucfclip_caption_feature(clean)/Normal_Videos_041_x264.npy,Normal
/home/yeogeon/YG_main/diffusion_model/VAD_dataset/UCF-Crimes/UCF_Crimes/ucfclip_caption_feature(clean)/Normal_Videos_042_x264.npy,Normal
/home/yeogeon/YG_main/diffusion_model/VAD_dataset/UCF-Crimes/UCF_Crimes/ucfclip_caption_feature(clean)/Normal_Videos_048_x264.npy,Normal
/home/yeogeon/YG_main/diffusion_model/VAD_dataset/UCF-Crimes/UCF_Crimes/ucfclip_caption_feature(clean)/Normal_Videos_050_x264.npy,Normal
/home/yeogeon/YG_main/diffusion_model/VAD_dataset/UCF-Crimes/UCF_Crimes/ucfclip_caption_feature(clean)/Normal_Videos_051_x264.npy,Normal
/home/yeogeon/YG_main/diffusion_model/VAD_dataset/UCF-Crimes/UCF_Crimes/ucfclip_caption_feature(clean)/Normal_Videos_056_x264.npy,Normal
/home/yeogeon/YG_main/diffusion_model/VAD_dataset/UCF-Crimes/UCF_Crimes/ucfclip_caption_feature(clean)/Normal_Videos_059_x264.npy,Normal
/home/yeogeon/YG_main/diffusion_model/VAD_dataset/UCF-Crimes/UCF_Crimes/ucfclip_caption_feature(clean)/Normal_Videos_063_x264.npy,Normal
/home/yeogeon/YG_main/diffusion_model/VAD_dataset/UCF-Crimes/UCF_Crimes/ucfclip_caption_feature(clean)/Normal_Videos_067_x264.npy,Normal
/home/yeogeon/YG_main/diffusion_model/VAD_dataset/UCF-Crimes/UCF_Crimes/ucfclip_caption_feature(clean)/Normal_Videos_070_x264.npy,Normal
/home/yeogeon/YG_main/diffusion_model/VAD_dataset/UCF-Crimes/UCF_Crimes/ucfclip_caption_feature(clean)/Normal_Videos_100_x264.npy,Normal
/home/yeogeon/YG_main/diffusion_model/VAD_dataset/UCF-Crimes/UCF_Crimes/ucfclip_caption_feature(clean)/Normal_Videos_129_x264.npy,Normal
/home/yeogeon/YG_main/diffusion_model/VAD_dataset/UCF-Crimes/UCF_Crimes/ucfclip_caption_feature(clean)/Normal_Videos_150_x264.npy,Normal
/home/yeogeon/YG_main/diffusion_model/VAD_dataset/UCF-Crimes/UCF_Crimes/ucfclip_caption_feature(clean)/Normal_Videos_168_x264.npy,Normal
/home/yeogeon/YG_main/diffusion_model/VAD_dataset/UCF-Crimes/UCF_Crimes/ucfclip_caption_feature(clean)/Normal_Videos_175_x264.npy,Normal
/home/yeogeon/YG_main/diffusion_model/VAD_dataset/UCF-Crimes/UCF_Crimes/ucfclip_caption_feature(clean)/Normal_Videos_182_x264.npy,Normal
/home/yeogeon/YG_main/diffusion_model/VAD_dataset/UCF-Crimes/UCF_Crimes/ucfclip_caption_feature(clean)/Normal_Videos_189_x264.npy,Normal
/home/yeogeon/YG_main/diffusion_model/VAD_dataset/UCF-Crimes/UCF_Crimes/ucfclip_caption_feature(clean)/Normal_Videos_196_x264.npy,Normal
/home/yeogeon/YG_main/diffusion_model/VAD_dataset/UCF-Crimes/UCF_Crimes/ucfclip_caption_feature(clean)/Normal_Videos_203_x264.npy,Normal
/home/yeogeon/YG_main/diffusion_model/VAD_dataset/UCF-Crimes/UCF_Crimes/ucfclip_caption_feature(clean)/Normal_Videos_210_x264.npy,Normal
/home/yeogeon/YG_main/diffusion_model/VAD_dataset/UCF-Crimes/UCF_Crimes/ucfclip_caption_feature(clean)/Normal_Videos_217_x264.npy,Normal
/home/yeogeon/YG_main/diffusion_model/VAD_dataset/UCF-Crimes/UCF_Crimes/ucfclip_caption_feature(clean)/Normal_Videos_224_x264.npy,Normal
/home/yeogeon/YG_main/diffusion_model/VAD_dataset/UCF-Crimes/UCF_Crimes/ucfclip_caption_feature(clean)/Normal_Videos_246_x264.npy,Normal
/home/yeogeon/YG_main/diffusion_model/VAD_dataset/UCF-Crimes/UCF_Crimes/ucfclip_caption_feature(clean)/Normal_Videos_247_x264.npy,Normal
/home/yeogeon/YG_main/diffusion_model/VAD_dataset/UCF-Crimes/UCF_Crimes/ucfclip_caption_feature(clean)/Normal_Videos_248_x264.npy,Normal
/home/yeogeon/YG_main/diffusion_model/VAD_dataset/UCF-Crimes/UCF_Crimes/ucfclip_caption_feature(clean)/Normal_Videos_251_x264.npy,Normal
/home/yeogeon/YG_main/diffusion_model/VAD_dataset/UCF-Crimes/UCF_Crimes/ucfclip_caption_feature(clean)/Normal_Videos_289_x264.npy,Normal
/home/yeogeon/YG_main/diffusion_model/VAD_dataset/UCF-Crimes/UCF_Crimes/ucfclip_caption_feature(clean)/Normal_Videos_310_x264.npy,Normal
/home/yeogeon/YG_main/diffusion_model/VAD_dataset/UCF-Crimes/UCF_Crimes/ucfclip_caption_feature(clean)/Normal_Videos_312_x264.npy,Normal
/home/yeogeon/YG_main/diffusion_model/VAD_dataset/UCF-Crimes/UCF_Crimes/ucfclip_caption_feature(clean)/Normal_Videos_317_x264.npy,Normal
/home/yeogeon/YG_main/diffusion_model/VAD_dataset/UCF-Crimes/UCF_Crimes/ucfclip_caption_feature(clean)/Normal_Videos_345_x264.npy,Normal
/home/yeogeon/YG_main/diffusion_model/VAD_dataset/UCF-Crimes/UCF_Crimes/ucfclip_caption_feature(clean)/Normal_Videos_352_x264.npy,Normal
/home/yeogeon/YG_main/diffusion_model/VAD_dataset/UCF-Crimes/UCF_Crimes/ucfclip_caption_feature(clean)/Normal_Videos_360_x264.npy,Normal
/home/yeogeon/YG_main/diffusion_model/VAD_dataset/UCF-Crimes/UCF_Crimes/ucfclip_caption_feature(clean)/Normal_Videos_365_x264.npy,Normal
/home/yeogeon/YG_main/diffusion_model/VAD_dataset/UCF-Crimes/UCF_Crimes/ucfclip_caption_feature(clean)/Normal_Videos_401_x264.npy,Normal
/home/yeogeon/YG_main/diffusion_model/VAD_dataset/UCF-Crimes/UCF_Crimes/ucfclip_caption_feature(clean)/Normal_Videos_417_x264.npy,Normal
/home/yeogeon/YG_main/diffusion_model/VAD_dataset/UCF-Crimes/UCF_Crimes/ucfclip_caption_feature(clean)/Normal_Videos_439_x264.npy,Normal
/home/yeogeon/YG_main/diffusion_model/VAD_dataset/UCF-Crimes/UCF_Crimes/ucfclip_caption_feature(clean)/Normal_Videos_452_x264.npy,Normal
/home/yeogeon/YG_main/diffusion_model/VAD_dataset/UCF-Crimes/UCF_Crimes/ucfclip_caption_feature(clean)/Normal_Videos_453_x264.npy,Normal
/home/yeogeon/YG_main/diffusion_model/VAD_dataset/UCF-Crimes/UCF_Crimes/ucfclip_caption_feature(clean)/Normal_Videos_478_x264.npy,Normal
/home/yeogeon/YG_main/diffusion_model/VAD_dataset/UCF-Crimes/UCF_Crimes/ucfclip_caption_feature(clean)/Normal_Videos_576_x264.npy,Normal
/home/yeogeon/YG_main/diffusion_model/VAD_dataset/UCF-Crimes/UCF_Crimes/ucfclip_caption_feature(clean)/Normal_Videos_597_x264.npy,Normal
/home/yeogeon/YG_main/diffusion_model/VAD_dataset/UCF-Crimes/UCF_Crimes/ucfclip_caption_feature(clean)/Normal_Videos_603_x264.npy,Normal
/home/yeogeon/YG_main/diffusion_model/VAD_dataset/UCF-Crimes/UCF_Crimes/ucfclip_caption_feature(clean)/Normal_Videos_606_x264.npy,Normal
/home/yeogeon/YG_main/diffusion_model/VAD_dataset/UCF-Crimes/UCF_Crimes/ucfclip_caption_feature(clean)/Normal_Videos_621_x264.npy,Normal
/home/yeogeon/YG_main/diffusion_model/VAD_dataset/UCF-Crimes/UCF_Crimes/ucfclip_caption_feature(clean)/Normal_Videos_634_x264.npy,Normal
/home/yeogeon/YG_main/diffusion_model/VAD_dataset/UCF-Crimes/UCF_Crimes/ucfclip_caption_feature(clean)/Normal_Videos_641_x264.npy,Normal
/home/yeogeon/YG_main/diffusion_model/VAD_dataset/UCF-Crimes/UCF_Crimes/ucfclip_caption_feature(clean)/Normal_Videos_656_x264.npy,Normal
/home/yeogeon/YG_main/diffusion_model/VAD_dataset/UCF-Crimes/UCF_Crimes/ucfclip_caption_feature(clean)/Normal_Videos_686_x264.npy,Normal
/home/yeogeon/YG_main/diffusion_model/VAD_dataset/UCF-Crimes/UCF_Crimes/ucfclip_caption_feature(clean)/Normal_Videos_696_x264.npy,Normal
/home/yeogeon/YG_main/diffusion_model/VAD_dataset/UCF-Crimes/UCF_Crimes/ucfclip_caption_feature(clean)/Normal_Videos_702_x264.npy,Normal
/home/yeogeon/YG_main/diffusion_model/VAD_dataset/UCF-Crimes/UCF_Crimes/ucfclip_caption_feature(clean)/Normal_Videos_704_x264.npy,Normal
/home/yeogeon/YG_main/diffusion_model/VAD_dataset/UCF-Crimes/UCF_Crimes/ucfclip_caption_feature(clean)/Normal_Videos_710_x264.npy,Normal
/home/yeogeon/YG_main/diffusion_model/VAD_dataset/UCF-Crimes/UCF_Crimes/ucfclip_caption_feature(clean)/Normal_Videos_717_x264.npy,Normal
/home/yeogeon/YG_main/diffusion_model/VAD_dataset/UCF-Crimes/UCF_Crimes/ucfclip_caption_feature(clean)/Normal_Videos_722_x264.npy,Normal
/home/yeogeon/YG_main/diffusion_model/VAD_dataset/UCF-Crimes/UCF_Crimes/ucfclip_caption_feature(clean)/Normal_Videos_725_x264.npy,Normal
/home/yeogeon/YG_main/diffusion_model/VAD_dataset/UCF-Crimes/UCF_Crimes/ucfclip_caption_feature(clean)/Normal_Videos_745_x264.npy,Normal
/home/yeogeon/YG_main/diffusion_model/VAD_dataset/UCF-Crimes/UCF_Crimes/ucfclip_caption_feature(clean)/Normal_Videos_758_x264.npy,Normal
/home/yeogeon/YG_main/diffusion_model/VAD_dataset/UCF-Crimes/UCF_Crimes/ucfclip_caption_feature(clean)/Normal_Videos_778_x264.npy,Normal
/home/yeogeon/YG_main/diffusion_model/VAD_dataset/UCF-Crimes/UCF_Crimes/ucfclip_caption_feature(clean)/Normal_Videos_780_x264.npy,Normal
/home/yeogeon/YG_main/diffusion_model/VAD_dataset/UCF-Crimes/UCF_Crimes/ucfclip_caption_feature(clean)/Normal_Videos_781_x264.npy,Normal
/home/yeogeon/YG_main/diffusion_model/VAD_dataset/UCF-Crimes/UCF_Crimes/ucfclip_caption_feature(clean)/Normal_Videos_782_x264.npy,Normal
/home/yeogeon/YG_main/diffusion_model/VAD_dataset/UCF-Crimes/UCF_Crimes/ucfclip_caption_feature(clean)/Normal_Videos_783_x264.npy,Normal
/home/yeogeon/YG_main/diffusion_model/VAD_dataset/UCF-Crimes/UCF_Crimes/ucfclip_caption_feature(clean)/Normal_Videos_798_x264.npy,Normal
/home/yeogeon/YG_main/diffusion_model/VAD_dataset/UCF-Crimes/UCF_Crimes/ucfclip_caption_feature(clean)/Normal_Videos_801_x264.npy,Normal
/home/yeogeon/YG_main/diffusion_model/VAD_dataset/UCF-Crimes/UCF_Crimes/ucfclip_caption_feature(clean)/Normal_Videos_828_x264.npy,Normal
/home/yeogeon/YG_main/diffusion_model/VAD_dataset/UCF-Crimes/UCF_Crimes/ucfclip_caption_feature(clean)/Normal_Videos_831_x264.npy,Normal
/home/yeogeon/YG_main/diffusion_model/VAD_dataset/UCF-Crimes/UCF_Crimes/ucfclip_caption_feature(clean)/Normal_Videos_866_x264.npy,Normal
/home/yeogeon/YG_main/diffusion_model/VAD_dataset/UCF-Crimes/UCF_Crimes/ucfclip_caption_feature(clean)/Normal_Videos_867_x264.npy,Normal
/home/yeogeon/YG_main/diffusion_model/VAD_dataset/UCF-Crimes/UCF_Crimes/ucfclip_caption_feature(clean)/Normal_Videos_868_x264.npy,Normal
/home/yeogeon/YG_main/diffusion_model/VAD_dataset/UCF-Crimes/UCF_Crimes/ucfclip_caption_feature(clean)/Normal_Videos_869_x264.npy,Normal
/home/yeogeon/YG_main/diffusion_model/VAD_dataset/UCF-Crimes/UCF_Crimes/ucfclip_caption_feature(clean)/Normal_Videos_870_x264.npy,Normal
/home/yeogeon/YG_main/diffusion_model/VAD_dataset/UCF-Crimes/UCF_Crimes/ucfclip_caption_feature(clean)/Normal_Videos_871_x264.npy,Normal
/home/yeogeon/YG_main/diffusion_model/VAD_dataset/UCF-Crimes/UCF_Crimes/ucfclip_caption_feature(clean)/Normal_Videos_872_x264.npy,Normal
/home/yeogeon/YG_main/diffusion_model/VAD_dataset/UCF-Crimes/UCF_Crimes/ucfclip_caption_feature(clean)/Normal_Videos_873_x264.npy,Normal
/home/yeogeon/YG_main/diffusion_model/VAD_dataset/UCF-Crimes/UCF_Crimes/ucfclip_caption_feature(clean)/Normal_Videos_874_x264.npy,Normal
/home/yeogeon/YG_main/diffusion_model/VAD_dataset/UCF-Crimes/UCF_Crimes/ucfclip_caption_feature(clean)/Normal_Videos_875_x264.npy,Normal
/home/yeogeon/YG_main/diffusion_model/VAD_dataset/UCF-Crimes/UCF_Crimes/ucfclip_caption_feature(clean)/Normal_Videos_876_x264.npy,Normal
/home/yeogeon/YG_main/diffusion_model/VAD_dataset/UCF-Crimes/UCF_Crimes/ucfclip_caption_feature(clean)/Normal_Videos_877_x264.npy,Normal
/home/yeogeon/YG_main/diffusion_model/VAD_dataset/UCF-Crimes/UCF_Crimes/ucfclip_caption_feature(clean)/Normal_Videos_878_x264.npy,Normal
/home/yeogeon/YG_main/diffusion_model/VAD_dataset/UCF-Crimes/UCF_Crimes/ucfclip_caption_feature(clean)/Normal_Videos_879_x264.npy,Normal
/home/yeogeon/YG_main/diffusion_model/VAD_dataset/UCF-Crimes/UCF_Crimes/ucfclip_caption_feature(clean)/Normal_Videos_880_x264.npy,Normal
/home/yeogeon/YG_main/diffusion_model/VAD_dataset/UCF-Crimes/UCF_Crimes/ucfclip_caption_feature(clean)/Normal_Videos_881_x264.npy,Normal
/home/yeogeon/YG_main/diffusion_model/VAD_dataset/UCF-Crimes/UCF_Crimes/ucfclip_caption_feature(clean)/Normal_Videos_882_x264.npy,Normal
/home/yeogeon/YG_main/diffusion_model/VAD_dataset/UCF-Crimes/UCF_Crimes/ucfclip_caption_feature(clean)/Normal_Videos_883_x264.npy,Normal
/home/yeogeon/YG_main/diffusion_model/VAD_dataset/UCF-Crimes/UCF_Crimes/ucfclip_caption_feature(clean)/Normal_Videos_884_x264.npy,Normal
/home/yeogeon/YG_main/diffusion_model/VAD_dataset/UCF-Crimes/UCF_Crimes/ucfclip_caption_feature(clean)/Normal_Videos_885_x264.npy,Normal
/home/yeogeon/YG_main/diffusion_model/VAD_dataset/UCF-Crimes/UCF_Crimes/ucfclip_caption_feature(clean)/Normal_Videos_886_x264.npy,Normal
/home/yeogeon/YG_main/diffusion_model/VAD_dataset/UCF-Crimes/UCF_Crimes/ucfclip_caption_feature(clean)/Normal_Videos_887_x264.npy,Normal
/home/yeogeon/YG_main/diffusion_model/VAD_dataset/UCF-Crimes/UCF_Crimes/ucfclip_caption_feature(clean)/Normal_Videos_888_x264.npy,Normal
/home/yeogeon/YG_main/diffusion_model/VAD_dataset/UCF-Crimes/UCF_Crimes/ucfclip_caption_feature(clean)/Normal_Videos_889_x264.npy,Normal
/home/yeogeon/YG_main/diffusion_model/VAD_dataset/UCF-Crimes/UCF_Crimes/ucfclip_caption_feature(clean)/Normal_Videos_890_x264.npy,Normal
/home/yeogeon/YG_main/diffusion_model/VAD_dataset/UCF-Crimes/UCF_Crimes/ucfclip_caption_feature(clean)/Normal_Videos_891_x264.npy,Normal
/home/yeogeon/YG_main/diffusion_model/VAD_dataset/UCF-Crimes/UCF_Crimes/ucfclip_caption_feature(clean)/Normal_Videos_892_x264.npy,Normal
/home/yeogeon/YG_main/diffusion_model/VAD_dataset/UCF-Crimes/UCF_Crimes/ucfclip_caption_feature(clean)/Normal_Videos_893_x264.npy,Normal
/home/yeogeon/YG_main/diffusion_model/VAD_dataset/UCF-Crimes/UCF_Crimes/ucfclip_caption_feature(clean)/Normal_Videos_894_x264.npy,Normal
/home/yeogeon/YG_main/diffusion_model/VAD_dataset/UCF-Crimes/UCF_Crimes/ucfclip_caption_feature(clean)/Normal_Videos_895_x264.npy,Normal
/home/yeogeon/YG_main/diffusion_model/VAD_dataset/UCF-Crimes/UCF_Crimes/ucfclip_caption_feature(clean)/Normal_Videos_896_x264.npy,Normal
/home/yeogeon/YG_main/diffusion_model/VAD_dataset/UCF-Crimes/UCF_Crimes/ucfclip_caption_feature(clean)/Normal_Videos_897_x264.npy,Normal
/home/yeogeon/YG_main/diffusion_model/VAD_dataset/UCF-Crimes/UCF_Crimes/ucfclip_caption_feature(clean)/Normal_Videos_898_x264.npy,Normal
/home/yeogeon/YG_main/diffusion_model/VAD_dataset/UCF-Crimes/UCF_Crimes/ucfclip_caption_feature(clean)/Normal_Videos_899_x264.npy,Normal
/home/yeogeon/YG_main/diffusion_model/VAD_dataset/UCF-Crimes/UCF_Crimes/ucfclip_caption_feature(clean)/Normal_Videos_900_x264.npy,Normal
/home/yeogeon/YG_main/diffusion_model/VAD_dataset/UCF-Crimes/UCF_Crimes/ucfclip_caption_feature(clean)/Normal_Videos_901_x264.npy,Normal
/home/yeogeon/YG_main/diffusion_model/VAD_dataset/UCF-Crimes/UCF_Crimes/ucfclip_caption_feature(clean)/Normal_Videos_902_x264.npy,Normal
/home/yeogeon/YG_main/diffusion_model/VAD_dataset/UCF-Crimes/UCF_Crimes/ucfclip_caption_feature(clean)/Normal_Videos_903_x264.npy,Normal
/home/yeogeon/YG_main/diffusion_model/VAD_dataset/UCF-Crimes/UCF_Crimes/ucfclip_caption_feature(clean)/Normal_Videos_904_x264.npy,Normal
/home/yeogeon/YG_main/diffusion_model/VAD_dataset/UCF-Crimes/UCF_Crimes/ucfclip_caption_feature(clean)/Normal_Videos_905_x264.npy,Normal
/home/yeogeon/YG_main/diffusion_model/VAD_dataset/UCF-Crimes/UCF_Crimes/ucfclip_caption_feature(clean)/Normal_Videos_906_x264.npy,Normal
/home/yeogeon/YG_main/diffusion_model/VAD_dataset/UCF-Crimes/UCF_Crimes/ucfclip_caption_feature(clean)/Normal_Videos_907_x264.npy,Normal
/home/yeogeon/YG_main/diffusion_model/VAD_dataset/UCF-Crimes/UCF_Crimes/ucfclip_caption_feature(clean)/Normal_Videos_908_x264.npy,Normal
/home/yeogeon/YG_main/diffusion_model/VAD_dataset/UCF-Crimes/UCF_Crimes/ucfclip_caption_feature(clean)/Normal_Videos_909_x264.npy,Normal
/home/yeogeon/YG_main/diffusion_model/VAD_dataset/UCF-Crimes/UCF_Crimes/ucfclip_caption_feature(clean)/Normal_Videos_910_x264.npy,Normal
/home/yeogeon/YG_main/diffusion_model/VAD_dataset/UCF-Crimes/UCF_Crimes/ucfclip_caption_feature(clean)/Normal_Videos_911_x264.npy,Normal
/home/yeogeon/YG_main/diffusion_model/VAD_dataset/UCF-Crimes/UCF_Crimes/ucfclip_caption_feature(clean)/Normal_Videos_912_x264.npy,Normal
/home/yeogeon/YG_main/diffusion_model/VAD_dataset/UCF-Crimes/UCF_Crimes/ucfclip_caption_feature(clean)/Normal_Videos_913_x264.npy,Normal
/home/yeogeon/YG_main/diffusion_model/VAD_dataset/UCF-Crimes/UCF_Crimes/ucfclip_caption_feature(clean)/Normal_Videos_914_x264.npy,Normal
/home/yeogeon/YG_main/diffusion_model/VAD_dataset/UCF-Crimes/UCF_Crimes/ucfclip_caption_feature(clean)/Normal_Videos_915_x264.npy,Normal
/home/yeogeon/YG_main/diffusion_model/VAD_dataset/UCF-Crimes/UCF_Crimes/ucfclip_caption_feature(clean)/Normal_Videos_923_x264.npy,Normal
/home/yeogeon/YG_main/diffusion_model/VAD_dataset/UCF-Crimes/UCF_Crimes/ucfclip_caption_feature(clean)/Normal_Videos_924_x264.npy,Normal
/home/yeogeon/YG_main/diffusion_model/VAD_dataset/UCF-Crimes/UCF_Crimes/ucfclip_caption_feature(clean)/Normal_Videos_925_x264.npy,Normal
/home/yeogeon/YG_main/diffusion_model/VAD_dataset/UCF-Crimes/UCF_Crimes/ucfclip_caption_feature(clean)/Normal_Videos_926_x264.npy,Normal
/home/yeogeon/YG_main/diffusion_model/VAD_dataset/UCF-Crimes/UCF_Crimes/ucfclip_caption_feature(clean)/Normal_Videos_927_x264.npy,Normal
/home/yeogeon/YG_main/diffusion_model/VAD_dataset/UCF-Crimes/UCF_Crimes/ucfclip_caption_feature(clean)/Normal_Videos_928_x264.npy,Normal
/home/yeogeon/YG_main/diffusion_model/VAD_dataset/UCF-Crimes/UCF_Crimes/ucfclip_caption_feature(clean)/Normal_Videos_929_x264.npy,Normal
/home/yeogeon/YG_main/diffusion_model/VAD_dataset/UCF-Crimes/UCF_Crimes/ucfclip_caption_feature(clean)/Normal_Videos_930_x264.npy,Normal
/home/yeogeon/YG_main/diffusion_model/VAD_dataset/UCF-Crimes/UCF_Crimes/ucfclip_caption_feature(clean)/Normal_Videos_931_x264.npy,Normal
/home/yeogeon/YG_main/diffusion_model/VAD_dataset/UCF-Crimes/UCF_Crimes/ucfclip_caption_feature(clean)/Normal_Videos_932_x264.npy,Normal
/home/yeogeon/YG_main/diffusion_model/VAD_dataset/UCF-Crimes/UCF_Crimes/ucfclip_caption_feature(clean)/Normal_Videos_933_x264.npy,Normal
/home/yeogeon/YG_main/diffusion_model/VAD_dataset/UCF-Crimes/UCF_Crimes/ucfclip_caption_feature(clean)/Normal_Videos_934_x264.npy,Normal
/home/yeogeon/YG_main/diffusion_model/VAD_dataset/UCF-Crimes/UCF_Crimes/ucfclip_caption_feature(clean)/Normal_Videos_935_x264.npy,Normal
/home/yeogeon/YG_main/diffusion_model/VAD_dataset/UCF-Crimes/UCF_Crimes/ucfclip_caption_feature(clean)/Normal_Videos_936_x264.npy,Normal
/home/yeogeon/YG_main/diffusion_model/VAD_dataset/UCF-Crimes/UCF_Crimes/ucfclip_caption_feature(clean)/Normal_Videos_937_x264.npy,Normal
/home/yeogeon/YG_main/diffusion_model/VAD_dataset/UCF-Crimes/UCF_Crimes/ucfclip_caption_feature(clean)/Normal_Videos_938_x264.npy,Normal
/home/yeogeon/YG_main/diffusion_model/VAD_dataset/UCF-Crimes/UCF_Crimes/ucfclip_caption_feature(clean)/Normal_Videos_939_x264.npy,Normal
/home/yeogeon/YG_main/diffusion_model/VAD_dataset/UCF-Crimes/UCF_Crimes/ucfclip_caption_feature(clean)/Normal_Videos_940_x264.npy,Normal
/home/yeogeon/YG_main/diffusion_model/VAD_dataset/UCF-Crimes/UCF_Crimes/ucfclip_caption_feature(clean)/Normal_Videos_941_x264.npy,Normal
/home/yeogeon/YG_main/diffusion_model/VAD_dataset/UCF-Crimes/UCF_Crimes/ucfclip_caption_feature(clean)/Normal_Videos_943_x264.npy,Normal
/home/yeogeon/YG_main/diffusion_model/VAD_dataset/UCF-Crimes/UCF_Crimes/ucfclip_caption_feature(clean)/Normal_Videos_944_x264.npy,Normal
